org_id	org_short	org_long	cont
-1	NONE	NO ORG	 
0	UNKNOWN	ORG UNKNOWN	 
1	FSO	C OF S FLAG SERVICE ORG	FSO
2	AOLA	C OF S AOLA	SO
3	AOSHANZO	C OF S AOSH ANZO	SO
4	AOSHEU	C OF S AOSH EU	SO
5	AOSHUK	C OF S AOSH UK	SO
6	ASHOD	C OF S ASHO DAY	SO
7	ASHOF	C OF S ASHO FDN	SO
8	EDM	C OF S EDMONTON	CAN
9	KIT	C OF S KITCHENER	CAN
10	MTL	C OF S MONTREAL	CAN
11	OTT	C OF S OTTAWA	CAN
12	QBC	C OF S QUEBEC	CAN
13	TORD	C OF S TORONTO DAY	CAN
14	TORF	C OF S TORONTO FDN	CAN
15	VAND	C OF S VANCOUVER DAY	CAN
16	VANF	C OF S VANCOUVER FDN	CAN
17	WPG	C OF S WINNIPEG	CAN
18	LAD	C OF S LOS ANGELES DAY	WUS
19	DCD	FND C OF S WASHINGTON	EUS
20	ALB	C OF S ALBUQUERQUE	WUS
21	ASTD	C OF S AUSTIN DAY	WUS
22	ASTF	C OF S AUSTIN FDN	WUS
23	DVR	C OF S DENVER	WUS
24	HAWD	C OF S HAWAII DAY	WUS
25	HAWF	C OF S HAWAII FDN	WUS
26	LAF	C OF S LOS ANGELES FDN	WUS
27	LVD	C OF S LAS VEGAS DAY	WUS
28	LVF	C OF S LAS VEGAS FDN	WUS
29	OCD	C OF S ORANGE COUNTY	WUS
30	PASA	C OF S PASADENA	WUS
31	PHX	C OF S PHOENIX	WUS
32	PTLD	C OF S PORTLAND DAY	WUS
33	PTLF	C OF S PORTLAND FDN	WUS
34	SAC	C OF S SACRAMENTO	WUS
35	SD	C OF S SAN DIEGO	WUS
36	SEAD	C OF S SEATTLE DAY	WUS
37	SEAF	C OF S SEATTLE FDN	WUS
38	SFOD	C OF S SAN FRANCISCO DAY	WUS
39	SFOF	C OF S SAN FRANCISCO FDN	WUS
40	SNC	C OF S STEVENS CREEK	WUS
41	STB	C OF S SANTA BARBARA	WUS
42	STL	C OF S SAINT LOUIS	WUS
43	TCD	C OF S TWIN CITIES DAY	WUS
44	TCF	C OF S TWIN CITIES FDN	WUS
45	VLY	C OF S VALLEY	WUS
46	DCF	FND C OF S WASHINGTON	EUS
47	AA	C OF S ANN ARBOR	EUS
48	BSND	C OF S BOSTON DAY	EUS
49	BSNF	C OF S BOSTON FDN	EUS
50	BUFF	C OF S BUFFALO	EUS
51	CHI	C OF S CHICAGO	EUS
52	CINN	C OF S CINCINNATI	EUS
53	COL	C OF S COLUMBUS	EUS
54	DETD	C OF S DETROIT DAY	EUS
55	DETF	C OF S DETROIT FDN	EUS
56	KC	C OF S KANSAS CITY	EUS
57	LONG	C OF S LONG ISLAND	EUS
58	MM	C OF S MIAMI	EUS
59	NH	C OF S NEW HAVEN	EUS
60	NYD	C OF S NEW YORK DAY	EUS
61	NYF	C OF S NEW YORK FDN	EUS
62	ORL	C OF S ORLANDO	EUS
63	PHIL	C OF S PHILADELPHIA	EUS
64	TPA	C OF S TAMPA	EUS
65	BHMD	C OF S BIRMINGHAM	UK
66	HAPI	C OF S HAPI	UK
67	LDND	C OF S LONDON DAY	UK
68	LDNF	C OF S LONDON FDN	UK
69	MAN	C OF S MANCHESTER	UK
70	PLY	C OF S PLYMOUTH	UK
71	SHF	SAINT HILL FDN	SO
72	SUND	C OF S SUNDERLAND	UK
76	CCNY	C OF S CC NEW YORK	CC
78	CCLV	C OF S CC LAS VEGAS	CC
79	CCINT	C OF S CC INTERNATIONAL	CC
80	ACT	ACT	ANZO
81	ADED	C OF S ADELAIDE DAY	ANZO
82	ADEF	C OF S ADELAIDE FDN	ANZO
83	AKD	C OF S AUCKLAND DAY	ANZO
84	AKF	C OF S AUCKLAND FDN	ANZO
85	BRI	C OF S BRISBANE	ANZO
86	MELD	C OF S MELBOURNE DAY	ANZO
87	MELF	C OF S MELBOURNE FDN	ANZO
88	PED	C OF S PERTH DAY	ANZO
89	PEF	C OF S PERTH FDN	ANZO
90	SYDD	C OF S SYDNEY DAY	ANZO
91	SYDF	C OF S SYDNEY FDN	ANZO
92	BYO	C OF S BULAWAYO	AF
93	CTD	C OF S CAPETOWN DAY	AF
94	CTF	C OF S CAPETOWN FDN	AF
95	DURD	C OF S DURBAN DAY	AF
96	DURF	C OF S DURBAN FDN	AF
97	HAR	C OF S HARARE	AF
98	JBGD	C OF S JOHANNESBURG DAY	AF
99	JBGF	C OF S JOHANNESBURG FDN	AF
100	JBGND	C OF S JOHANNESBURG NORTH	AF
101	PEL	C OF S PORT ELIZABETH	AF
102	PTA	C OF S PRETORIA	AF
103	GOT	C OF S GOTEBORG	EU
104	STM	C OF S STOCKHOLM	EU
105	OSLO	C OF S OSLO	EU
106	TAV	SCN & DN COLLEGE TEL AVIV	EU
107	DKD	C OF S DENMARK DAY	EU
108	DKF	C OF S DENMARK FDN	EU
109	COP	C OF S COPENHAGEN	EU
110	AMSD	C OF S AMSTERDAM	EU
111	ANG	C OF S ANGERS	EU
112	ARH	C OF S AARHUS	EU
113	BAR	C OF S BARCELONA	EU
114	BAS	C OF S BASEL	EU
115	BER	C OF S BERN	EU
116	BRLN	C OF S BERLIN	EU
117	BSA	C OF S BRESCIA	EU
118	BXL	C OF S BRUSSELS	EU
119	CLE	C OF S CLERMONT FERRAND	EU
120	DUS	C OF S DUSSELDORF	EU
121	GVA	C OF S GENEVA	EU
122	HBG	C OF S HAMBURG	EU
123	LIS	C OF S LISBON	EU
124	LYO	C OF S LYON	EU
125	MAD	C OF S MADRID	EU
126	MAL	C OF S MALMO	EU
127	MILANOD	C OF S MILANO	EU
128	MUN	C OF S MUNICH	EU
129	NOV	C OF S NOVARA	EU
130	PAD	C OF S PADOVA	EU
131	PAR	C OF S PARIS	EU
132	IFAD	IFAD	LATAM
133	IFAR	IFAR	LATAM
134	ODD	ODD	LATAM
135	ACD	ACD	LATAM
136	BTAD	BOGOTA	LATAM
137	POL	POLANCO	LATAM
138	VZA	VENEZUELA	LATAM
139	PORD	C OF S PORDENONE	EU
140	ROMA	C OF S ROMA	EU
141	STE	C OF S SAINT ETIENNE	EU
142	TRN	C OF S TORINO	EU
143	VNA	C OF S VIENNA	EU
144	VRN	C OF S VERONA	EU
145	ZRH	C OF S ZURICH	EU
146	CCHBG	C OF S CC HAMBURG	EU
147	CCP	C OF S CC PARIS	EU
150	GUAD	GUADALAJARA	LATAM
151	ITD	ITD	LATAM
152	FB	FLAG BUREAUX	MGMT
153	CLOWUS	CLO WUS	WUS
154	CLOANZO	CLO ANZO	ANZO
155	CLOEU	CLO EUROPE	EU
156	CLOUK	CLO UK	UK
157	CLOCAN	CLO CANADA	CAN
158	CLOEUS	CLO EUS	EUS
159	CLOAF	CLO AFRICA	AF
160	CLOITL	CLO ITALY	EU
162	CLOLAT	CLO LATAM	LATAM
164	INCOMM	INCOMM	MGMT
165	RTC	RTC	MGMT
167	CMOI	CMO INT	MGMT
168	WDC	WATCHDOG COMMITTEE	MGMT
169	ESI	EXEC STRATA	MGMT
175	INTFIN	INT FINANCE	MGMT
176	CMOIXU	CMO IXU	MGMT
177	CCPTL	C OF S CC PORTLAND	CC
178	MZA	C OF S MONZA	CC
179	NUO	C OF S NUORO	CC
180	DALLAS	C OF S DALLAS	CC
181	GOLD	GOLDEN ERA PRODUCTIONS	MGMT
183	CMU	CMU	MGMT
185	WISEINT	WISE INTERNATIONAL	MGMT
186	SMIINT	SMI INTERNATIONAL	MGMT
187	OSAINT	OSA INTERNTATIONAL	MGMT
198	CMOEU	CMO EU	MGMT
200	BRT	C OF S BRIGHTON	BRT
201	BPI	BRIDGE PUBLICATIONS	PUBS
202	OTLITL	OTL ITALY	EU
203	LAU	C OF S LAUSANNE	EU
204	MANOR	MANOR HOTEL	CC
205	CMOGOLD	CMO GOLD	MGMT
206	CMOCW	CMO CW	MGMT
210	CMOPAC	CMO PAC	MGMT
211	PBC	PAC BASE CREW	MGMT
212	CTOWUS	CTO WUS	MGMT
215	OSAAF	OSA AFRICA	MGMT
216	OSAANZO	OSA ANZO	MGMT
217	OSACAN	OSA CANADA	MGMT
218	OSAEU	OSA EUROPE	MGMT
219	OSAFLAG	OSA FLAG	MGMT
220	OSAITL	OSA ITALY	MGMT
221	OSALAT	OSA LATAM	MGMT
222	OSAUK	OSA UK	MGMT
223	OSAUS	OSA US	MGMT
224	ITO	INTERNATIONAL TRAINING ORG	MGMT
225	NEP	NEW ERA PUBLICATIONS	PUBS
226	FSSO	C OF S FSSO	FSSO
227	FRO	FREEWINDS RELAY OFFICE	FLB
228	FWSO	FREEWINDS	FSSO
229	IBERIA	OTL IBERIA	EU
230	CEO	CADET ESTATES ORG	 
231	CMOUK	CMO UK	MGMT
233	CMOEUS	CMO EUS	MGMT
234	CTOEUS	CTO EUS	MGMT
235	CTOUK	CTO UK	MGMT
236	CTOEU	CTO EU	MGMT
237	CTOAF	CTO AF	MGMT
238	CTOANZO	CTO ANZO	MGMT
239	CTOCAN	CTO CANADA	MGMT
240	CTOLAT	CTO LATAM	MGMT
241	CTOITL	CTO ITALY	MGMT
242	OSAPAC	OSA PAC	MGMT
244	CMOCAN	CMO CANADA	MGMT
245	CMOITL	CMO ITALY	MGMT
246	CMOSHIP	CMO SHIP	MGMT
247	FFT	C OF S FRANKFURT	EU
248	ABLEINT	ABLE INTERNATIONAL	MGMT
249	CCDUS	C OF S CC DUSSELDORF	CC
250	TOKYO	TOKYO	ANZO
251	ILO	INT LIAISON OFFICE	MGMT
252	RCOMPS	LRH BOOK COMPS	MGMT
253	CCVNA	C OF S CC VIENNA	CC
254	HGB	HGB ESTATES ORG	MGMT
255	FLBSTO	FLB STO	FLB
256	TURCOMPS	TRANSLATIONS & LRH COMP UNIT	MGMT
257	CCHRINT	CCHR INT	 
258	CMOANZO	CMO ANZO	MGMT
259	CASTLE	CASTLE	 
260	ATL	C OF S ATLANTA	EUS
261	HAN	C OF S HANNOVER	EU
262	DSANY	DSA NEW YORK	NULL
263	DSAGER	DSA GERMANY	NULL
264	DSADK	DSA DENMARK	NULL
265	DSASWZ	DSA SWITZERLAND	NULL
266	DSAFRA	DSA FRANCE	NULL
267	OSAIBE	OSA IBERIA	NULL
268	DSAWCAN	DSA WEST CANADA	NULL
270	STT	C OF S STUTTGART	EU
271	ESTNLD	ESTATES NORDLAND	NULL
272	ANZOESTS	ANZO ESTATES ORG	NULL
273	SHUKESTS	ST HILL ESTATES	NULL
274	ARCHIVES	ARCHIVES	NULL
275	CTA	C OF S CATANIA	EU
276	DSAFIN	DSA FINLAND	NULL
278	DSALAFEN	DSA NN LA FENICE	NULL
279	DSABARL	DSA NN BARLETTA	NULL
280	DSALEC	DSA NN LECCE	NULL
281	DSAHOL	DSA HOLLAND	NULL
282	DSAISRL	DSA ISRAEL	NULL
283	SLC	C OF S SALT LAKE CITY	WUS
284	FOLOWUS	FOLO WUS	MGMT
285	OPADC	OPA DC	NULL
286	FOLOAF	FOLO AFRICA	AF
287	FOLOANZO	FOLO ANZO	ANZO
288	FOLOCAN	FOLO CANADA	CAN
289	FOLOEU	FOLO EUROPE	EU
290	FOLOEUS	FOLO EUS	EUS
291	FOLOITL	FOLO ITALY	EU
292	FOLOLAT	FOLO LATAM	LATAM
293	FOLOUK	FOLO UK	UK
294	SVD	C of S Silicon Valley Day	WUS
295	PAC	PACIFIC AREA COMMAND	NULL
296	CMOLAT	CMO LATAM	MGMT
297	CMOAF	CMO AFRICA	MGMT
298	ASI	AUTHOR SERVICES INC.	NULL
299	PTR	C OF S PUERTO RICO	EUS
300	SMIEXP	SMI EXPANSION OFFICE	NULL
301	CCHRUS	CCHRUS	NULL
302	SMIAF	SMI AFRICA	AF
303	SMIANZO	SMI ANZO	ANZO
304	SMICAN	SMI CANADA	CAN
305	SMIITL	SMI ITALY	EU
306	SMIEU	SMI EU	EU
307	SMIEUS	SMI EAST US	EUS
308	SMILATAM	SMI LATAM	LATAM
309	SMIUK	SMI UK	UK
310	SMIWUS	SMI WUS	WUS
311	CCB	CENTRAL COMPUTER BANK DIVISION	NULL
312	ABLEAF	ABLE AFRICA	AF
313	ABLEANZO	ABLE ANZO	ANZO
314	ABLECAN	ABLE CANADA	CAN
315	ABLEEU	ABLE EUROPE	EU
316	ABLEEUS	ABLE EUS	EU
317	ABLEITL	ABLE ITALY	EUS
318	ABLELAT	ABLE LATAM	LATAM
319	ABLEUK	ABLE UK	UK
320	ABLEWUS	ABLE WUS	WUS
321	WISEAF	WISE AFRICA	AF
322	WISEANZO	WISE ANZO	ANZO
323	WISECAN	WISE CANADA	CAN
324	WISEEU	WISE EUROPE	EU
325	WISEEUS	WISE EUS	EU
326	WISEITL	WISE ITALY	EUS
327	WISELAT	WISE LATAM	LATAM
328	WISEUK	WISE UK	UK
329	WISEWUS	WISE WUS	WUS
330	APSINT	APPLIED SCHOLASTICS INT	NULL
331	NNINT	NARCONON INT	NULL
332	TWTHINT	TWTH INT	NULL
333	CRIMINT	CRIMINON INT	NULL
334	ABLECONT	ABLE CONTS	NULL
335	OSAEUS	OSA EUS	NULL
336	OSAWUS	OSA WUS	NULL
338	OTLRUSS	OTL RUSSIA	EU
339	ITOTRAIN	ITO TRAINEES FOR TIP TRACKING	NULL
340	CCS	CARACAS	LATAM
341	PDO	PLANETARY DISSEMINATION ORG	NULL
342	BUE	BUENOS AIRES	NULL
343	CCNASH	C OF S CC NASHVILLE	CC
344	EPN	C OF S EPPENDORF	EU
345	LOSGAT	C OF S LOS GATOS	WUS
600	BUENA	BUENAVENTURA MSN	NULL
601	RP	RIVERPARK MSN	NULL
602	HOU	HOUSTON MSN	NULL
604	BELLV	BELLEVUE MSN	NULL
605	BRAND	BRAND BLVD MSN	NULL
606	SF	SAN FRANCISCO MSN	NULL
607	WVALL	WEST VALLEY MSN	NULL
608	BEVHL	BEVERLY HILLS MSN	NULL
609	GLEND	GLENDALE MSN	NULL
610	SEA	SEATTLE MSN	NULL
611	BLDR	BOULDER MSN	NULL
612	REDWOOD	REDWOOD CITY MSN	NULL
613	SHERM	SHERMAN OAKS MSN	NULL
614	ALAMO	ALAMOSA MSN	NULL
615	BUR	BURIEN MSN	NULL
616	CONC	CONCORD MSN	NULL
617	ESC	ESCONDIDO MSN	NULL
618	LV	LAS VEGAS MSN	NULL
619	SAL	SALINAS MSN	NULL
620	SFVLY	SAN FERNANDO VALLEY MSN	NULL
621	STROSA	SANTA ROSA MSN	NULL
622	SPASA	SOUTH PASADENA MSN	NULL
623	WICH	WICHITA MSN	NULL
624	ANCOR	ANCHORAGE MSN	NULL
625	CAPTL	CAPITOL MSN	NULL
626	MSNDVR	DENVER MSN	NULL
627	GOLDV	GOLDEN VALLEY MSN	NULL
628	MARIN	MARIN MSN	NULL
629	SANANT	SANANTONIO MSN	NULL
630	SJOSE	SAN JOSE MSN	NULL
631	SOBAY	SOUTH BAY MSN	NULL
632	SPO	SPOKANE MSN	NULL
633	BERK	BERKELEY MSN	NULL
634	CLIND	CASA LINDA MSN	NULL
635	PASO	EL PASO MSN	NULL
636	HONOL	HONOLULU MSN	NULL
637	PALM	PALM SPRINGS MSN	NULL
638	SBERN	SAN BERNARDINO MSN	NULL
639	SCRUZ	SANTA CRUZ MSN	NULL
640	SDVR	SOUTH DENVER MSN	NULL
641	WESTW	WESTWOOD MSN	NULL
642	BATON	BATON ROUGE MSN	NULL
643	CW	CLEARWATER MSN	NULL
644	NJERSY	NEW JERSEY MSN	NULL
645	ALBAN	ALBANY	NULL
646	BRUNS	BRUNSWICK MSN	NULL
647	CLEV	CELVELAND MSN	NULL
648	COLUM	COLUMBUS MSN	NULL
649	INDY	INDIANAPOLIS MSN	NULL
650	NHAMP	NEW HAMPSHIRE MSN	NULL
651	PITTS	PITTSBURGH MSN	NULL
652	SWVA	S.W.VIRGINIA MSN	NULL
653	BALT	BALTIMORE MSN	NULL
654	CHAMP	CHAMPAIGN MSN	NULL
655	COLLW	COLLINGSWOOD MSN	NULL
656	FLAUD	FT. LAUDERDALE MSN	NULL
657	MERRM	MERRIMAC VALLEY MSN	NULL
658	OMAHA	OMAHA MSN	NULL
659	ROCH	ROCHESTER MSN	NULL
660	BFORT	BEAUFORT MSN	NULL
661	CHARL	CHARLESTON MSN	NULL
662	MSN COLU	COLUMBIA MSN	NULL
663	GENSE	GENESEE MSN	NULL
664	MILW	MILWAUKEE MSN	NULL
665	PEORIA	PEORIA MSN	NULL
666	ROCK	ROCKLAND MSN	NULL
667	BAY	BAY CITIES	NULL
668	QNS	MISSION OF QUEENS	NULL
669	DIAB	MISSION OF DIABLO VALLEY	NULL
670	LAFAYET	LAFAYETTE MSN	NULL
671	GCON	GREATER CONCORD MSN	NULL
672	PALOALTO	PALO ALTO MSN	NULL
673	OKLAHOMA	OKLAHOMA CITY MSN	NULL
674	PALMHBR	PALM HARBOR MISSION	NULL
680	SALZBURG	MISSION OF SALZBURG	NULL
681	AALBORG	MISSION OF AALBORG	NULL
682	FYN	MISSION OF FYN	NULL
683	LYNGBY	MISSION OF LYNGBY	NULL
684	SONDERBG	MISSION OF SONDERBORG	NULL
685	BORDEAUX	MISSION OF BORDEAUX	NULL
687	LYON	MISSION OF LYON	NULL
688	MULHOUSE	MISSION OF MOULHOUSE	NULL
689	NICE	MISSION OF NICE	NULL
690	MOSCOW	MISSION OF MOUSCOW	NULL
691	COPCITY	MISSION OF COPENHAGEN CITY	NULL
692	KOLDING	MISSION OF KOLDING	NULL
693	SILKB	MISSION OF SILKEBORG	NULL
694	HELSINKI	MISSION OF HELSINKI	NULL
695	MARSL	MISSION OF MARSEILLE	NULL
696	PARIS	MISSION OF PARIS	NULL
697	STPETERS	MISSION OF ST. PETERSBURG	NULL
698	GUAT	MISSION OF GUATEMELA	NULL
800	KARLS	MISSION OF KARLSRUHE	NULL
801	BREMEN	MISSION OF BREMEN	NULL
1000	RTCCW	RTC REP OFFICE	NULL
10001	FC	FLAG CREW	NULL
1005	BUDAP	BUDAPEST	EU
1007	AOSHD	ADVANCED ORG AND SAI	WUS
435	STP	C OF S SAINT PETERSBURG	CIS
1801	WUSEVNT	WUS EVENTS UNIT	
1006	TESTO	TEST ORG	MGMT
436	MOS	C OF S MOSCOW	CIS
423	BDP	BUDAPEST ORG	EU
10002	FLB	FLB ADDO PROJECT	NULL
10003	ILOCALL	ILO CALL CENTER	NULL
455	INGLED	C OF S INGLEWOOD	WUS
7455	INGLEF	C OF S INGLEWOOD FDN	WUS
7029	OCF	C OF S ORANGE COUNTY FDN	WUS
448	HARLEM	C OF S HARLEM	EUS
7136	BTAF	C OF S Bogota Foundation	LAT
7127	MILANOF	C OF S Milano Foundation	EU
7423	BUDF	C OF S Budapest Foundation	EU
7035	SDF	C OF S San Diego Foundation	WUS
7065	BHMF	C OF S Birmingham Foundation	UK
7110	AMSF	C OF S AMSTERDAM FDN	EU
7100	JBGNF	C OF S JOHANNESBURG NORTH FDN	AF
7294	SVF	C of S Silicon Valley Fdn	WUS